"","x"
"1","https://www.cnn.com/2024/07/10/us/alabama-death-row-inmate-autopsy-lawsuit/index.html"
"2","https://www.cnn.com/2024/07/10/politics/trump-burgum-rubio-running-mate/index.html"
"3","https://www.cnn.com/2024/07/09/opinions/gop-strategy-on-abortion-trump-softening-rnc-filipovic/index.html"
"4","https://www.cnn.com/2024/07/06/us/angel-baby-doe-shelby-stotts-texas/index.html"
"5","https://www.cnn.com/2024/07/05/entertainment/lindsay-hubbard-summer-house-pregnant/index.html"
"6","https://www.cnn.com/2024/04/28/politics/state-abortion-ballot-measure-vote-dg/index.html"
"7","https://www.cnn.com/2024/07/02/health/emtala-abortion-reminder-letter/index.html"
"8","https://www.cnn.com/kfile-ed-martin-rnc-platform-committee-anti-abortion-exceptions/index.html"
"9","https://www.cnn.com/2024/06/28/politics/iowa-supreme-court-abortion-ban/index.html"
"10","https://www.cnn.com/us/abortion-access-restrictions-bans-us-dg/index.html"
"11","https://www.cnn.com/2024/06/27/opinions/emtala-scotus-ruling-emergency-abortion-idaho-farmer/index.html"
"12","https://www.cnn.com/2024/06/26/health/emtala-emergency-care-scotus/index.html"
"13","https://www.cnn.com/2024/06/27/opinions/moms-vote-2024-election-trump-biden-saujani/index.html"
"14","https://www.cnn.com/2024/06/26/politics/media-release-supreme-court-abortion/index.html"
"15","https://www.cnn.com/2024/06/27/politics/idaho-abortion-supreme-court/index.html"
"16","https://www.cnn.com/2024/06/27/politics/supreme-court-emergency-abortion-idaho/index.html"
"17","https://www.cnn.com/politics/live-news/supreme-court-emergency-abortion-ruling-06-26-24/index.html"
"18","https://www.cnn.com/2024/06/26/politics/wisconsin-supreme-court-abortion-draft-order-leaks/index.html"
"19","https://www.cnn.com/2024/06/26/politics/supreme-court-abortion-idaho-bloomberg/index.html"
"20","https://www.cnn.com/2024/06/26/health/birth-control-drops-after-abortion-bans/index.html"
"21","https://www.cnn.com/2024/06/26/style/last-safe-abortion-photos/index.html"
"22","https://www.cnn.com/2024/06/25/health/surgeon-general-gun-violence-advisory/index.html"
"23","https://www.cnn.com/2024/06/25/health/gun-violence-stop-the-bleed-children-gupta/index.html"
"24","https://www.cnn.com/2024/06/24/politics/sotomayor-dobbs-obergefell-supreme-court-analysis-biskupic/index.html"
"25","https://www.cnn.com/2024/06/02/politics/supreme-court-what-to-watch-trump-immunity-abortion-guns/index.html"
"26","https://www.cnn.com/2024/06/24/politics/supreme-court-to-decide-whether-states-can-restrict-gender-affirming-care-for-minors/index.html"
"27","https://www.cnn.com/2024/06/24/health/study-infant-mortality-texas-invs/index.html"
"28","https://www.cnn.com/2024/06/24/politics/biden-campaign-abortion-ad-trump/index.html"
"29","https://www.cnn.com/2024/06/23/politics/white-house-dobbs-abortion-anniversary/index.html"
"30","https://www.cnn.com/2024/06/22/us/roe-v-wade-overturned-2-years/index.html"
"31","https://www.cnn.com/2024/06/21/politics/state-abortion-laws-post-roe/index.html"
"32","https://www.cnn.com/2024/06/21/business/fertility-clinic-ivf-religious-groups/index.html"
"33","https://www.cnn.com/2024/06/19/health/abortion-clinics-in-banned-states-pivot/index.html"
"34","https://www.cnn.com/2024/06/17/politics/abortion-eeoc-rule-louisiana-mississippi/index.html"
"35","https://www.cnn.com/2024/06/17/us/louisiana-mississippi-child-abuction-death-charges/index.html"
"36","https://www.cnn.com/2024/06/17/opinions/birth-control-contraception-gop-trump-project-2025-finney/index.html"
"37","https://www.cnn.com/2024/06/15/politics/abortion-judge-matthew-kacsmaryk-supreme-court-mifepristone/index.html"
"38","https://www.cnn.com/2024/06/14/opinions/abortion-pill-mifepristone-supreme-court-sheffield/index.html"
"39","https://www.cnn.com/2024/06/14/europe/meloni-macron-italy-france-abortion-g7-intl/index.html"
"40","https://www.cnn.com/2024/06/14/politics/abortion-agenda-donald-trump/index.html"
"41","https://www.cnn.com/2024/06/13/opinions/fight-over-abortion-pill-is-far-from-over-ziegler/index.html"
"42","https://www.cnn.com/2024/06/13/opinions/ivf-republicans-against-it-de-feo/index.html"
"43","https://www.cnn.com/politics/live-news/supreme-court-abortion-pill-decision-06-13-24/index.html"
"44","https://www.cnn.com/2023/01/06/health/medication-abortion-process-wellness/index.html"
"45","https://www.cnn.com/2024/06/13/politics/supreme-court-rejects-challenge-abortion-pill-mifepristone/index.html"
"46","https://www.cnn.com/2024/03/25/politics/abortion-pill-timeline-supreme-court-dg/index.html"
"47","https://www.cnn.com/health/abortion-pill-safety-dg/index.html"
"48","https://www.cnn.com/2024/03/25/health/mifepristone-abortion-pill-explained/index.html"
"49","https://www.cnn.com/2024/06/13/politics/supreme-court-abortion-drug-ruling-read/index.html"
"50","https://www.cnn.com/2024/06/12/us/southern-baptists-ivf/index.html"
"51","https://www.cnn.com/2024/06/12/politics/trump-rnc-abortion-platform/index.html"
"52","https://www.cnn.com/2024/06/06/politics/fact-check-donald-trump-abortion-babies-executed/index.html"
"53","https://www.cnn.com/2024/06/05/politics/trump-abortion-medication-policy-supreme-court/index.html"
"54","https://www.cnn.com/2024/06/05/politics/senate-vote-contraception-access/index.html"
"55","https://www.cnn.com/2024/06/04/us/nebraska-woman-alive-at-funeral-home/index.html"
"56","https://www.cnn.com/2024/06/04/uk/london-abandoned-babies-gbr-intl/index.html"
"57","https://www.cnn.com/2024/06/04/health/maternal-deaths-high-income-nations/index.html"
"58","https://www.cnn.com/2024/05/31/politics/texas-supreme-court-abortion-ban/index.html"
"59","https://www.cnn.com/2024/05/30/us/man-convicted-in-2022-firebombing-of-planned-parenthood-clinic-gets-6-years-in-prison/index.html"
"60","https://www.cnn.com/2024/05/29/politics/tennessee-governor-abortion-trafficking-minors-law/index.html"
"61","https://www.cnn.com/2024/05/25/opinions/abortion-roe-dobbs-pregnancy-sheffield/index.html"
"62","https://www.cnn.com/2024/05/24/politics/louisiana-abortion-drugs-controlled-substances-law/index.html"
"63","https://www.cnn.com/2024/05/23/politics/louisiana-abortion-drugs-controlled-dangerous-substances/index.html"
"64","https://www.cnn.com/2024/05/23/politics/abortion-rights-advocates-waiting-periods/index.html"
"65","https://www.cnn.com/2024/05/22/politics/rfk-jr-adviser-abortion/index.html"
"66","https://www.cnn.com/2024/05/21/politics/louisiana-house-bill-abortion-drugs-controlled-substances/index.html"
"67","https://www.cnn.com/2024/05/17/health/pregnancy-dates-abortion-limits-the-conversation-partner/index.html"
"68","https://www.cnn.com/2024/05/20/health/hiv-breastfeeding-recommendations-aap/index.html"
"69","https://www.cnn.com/2024/05/16/politics/nicole-shanahan-robert-kennedy-abortion/index.html"
"70","https://www.cnn.com/2024/05/16/health/medical-residents-abortion-restrictions-kff-health-news-partner/index.html"
"71","https://www.cnn.com/2024/05/16/politics/sex-education-bills-united-states-dg/index.html"
"72","https://www.cnn.com/2024/05/14/health/abortion-telehealth-shield-laws-wecount-report/index.html"
"73","https://www.cnn.com/2024/05/14/politics/arizona-abortion-ban-enforcement-delayed/index.html"
"74","https://www.cnn.com/2024/05/13/politics/louisiana-bill-abortion-drugs-highly-regulated-medications/index.html"
"75","https://www.cnn.com/2024/05/13/politics/abortion-ads-democratic-group-trump/index.html"
"76","https://www.cnn.com/2024/05/12/opinions/abortion-ballot-initiatives-florida-supreme-court-ziegler/index.html"
"77","https://www.cnn.com/2024/05/12/politics/kari-lake-arizona-senate-abortion/index.html"
"78","https://www.cnn.com/2024/05/11/opinions/mothers-day-miscarried-chari-pere-schwartz-miller/index.html"
"79","https://www.cnn.com/2024/05/10/politics/robert-f-kennedy-jr-walks-back-opposition-abortion-limits/index.html"
"80","https://www.cnn.com/2024/05/09/politics/robert-f-kennedy-jr-abortion-limits/index.html"
"81","https://www.cnn.com/2024/05/08/health/ozempic-babies-pregnancy/index.html"
"82","https://www.cnn.com/2024/05/08/us/new-york-abortion-pill-lawsuit/index.html"
"83","https://www.cnn.com/2024/05/07/politics/alabama-prosecute-out-of-state-abortion/index.html"
"84","https://www.cnn.com/2024/05/06/health/gender-inclusive-language-wellness/index.html"
"85","https://www.cnn.com/2024/05/05/us/texas-abortion-collin-davis-colorado/index.html"
"86","https://www.cnn.com/2024/05/04/health/parent-death-drug-overdose-gun-violence/index.html"
"87","https://www.cnn.com/2024/05/02/politics/arizona-abortion-repeal-governor/index.html"
"88","https://www.cnn.com/2024/05/01/health/maternal-mortality-cdc-report/index.html"
"89","https://www.cnn.com/2024/05/01/politics/kamala-harris-florida-abortion-trump/index.html"
"90","https://www.cnn.com/2024/05/01/politics/arizona-abortion-ban-senate-vote/index.html"
"91","https://www.cnn.com/2024/05/01/health/florida-abortion-ban-clinic/index.html"
"92","https://www.cnn.com/2024/04/17/us/dei-medical-schools-black-maternal-health-reaj/index.html"
"93","https://www.cnn.com/2024/04/29/health/florida-abortion-ban-takes-effect/index.html"
"94","https://www.cnn.com/2024/05/01/politics/cnn-poll-abortion-laws/index.html"
"95","https://www.cnn.com/2024/04/30/opinions/gop-abortion-pregnant-workers-lawsuit-filipovic/index.html"
"96","https://www.cnn.com/2024/04/27/politics/amy-coney-barrett-supreme-court-immunity-idaho-abortion/index.html"
"97","https://www.cnn.com/2024/04/25/politics/eeoc-abortion-lawsuit-pregnant-workers/index.html"
"98","https://www.cnn.com/2024/04/24/politics/arizona-house-abortion-law/index.html"
"99","https://www.cnn.com/2024/04/24/us/5-things-pm-april-24-trnd/index.html"
"100","https://www.cnn.com/politics/live-news/abortion-supreme-court-idaho-04-24-24/index.html"
"101","https://www.cnn.com/2024/04/24/politics/takeaways-supreme-court-abortion-idaho/index.html"
"102","https://www.cnn.com/2024/04/24/health/male-infertility-wellness/index.html"
"103","https://www.cnn.com/2024/04/23/politics/abortion-rights-supreme-court-what-matters/index.html"
"104","https://www.cnn.com/2024/04/20/politics/abortion-supreme-court-idaho-emergency-care/index.html"
"105","https://www.cnn.com/2024/04/24/politics/solicitor-general-elizabeth-prelogar-idaho-abortion/index.html"
"106","https://www.cnn.com/2024/04/23/politics/kari-lake-abortion-arizona/index.html"
"107","https://www.cnn.com/2024/04/23/politics/biden-abortion-rights-florida/index.html"
"108","https://www.cnn.com/2024/04/22/health/biden-administration-new-rule-reproductive-health-care-privacy/index.html"
"109","https://www.cnn.com/2024/04/18/politics/arizona-senate-abortion-ban/index.html"
"110","https://www.cnn.com/2024/04/17/politics/arizona-house-abortion-law-repeal/index.html"
"111","https://www.cnn.com/2024/04/16/politics/abortion-democrats-freedom-messaging/index.html"
"112","https://www.cnn.com/2024/04/16/business/pregnant-workers-abortion-employers/index.html"
"113","https://www.cnn.com/2024/04/16/business/corporate-america-abortion-activism-nightcap/index.html"
"114","https://www.cnn.com/2024/04/15/politics/planned-parenthood-attack-former-marine-sentenced/index.html"
"115","https://www.cnn.com/2024/04/15/politics/arizona-republicans-abortion-ballot-measures/index.html"
"116","https://www.cnn.com/2024/04/15/opinions/death-to-america-chants-palestinian-rally-dearborn-obeidallah/index.html"
"117","https://www.cnn.com/2024/04/15/health/pregnancy-complications-risk-of-death-wellness/index.html"
"118","https://www.cnn.com/2024/04/15/europe/germany-abortion-recommendation-intl/index.html"
"119","https://www.cnn.com/2024/04/14/us/chicago-shooting-child-killed/index.html"
"120","https://www.cnn.com/2024/04/12/politics/harris-arizona-abortion/index.html"
"121","https://www.cnn.com/2024/04/12/health/permanent-contraception-dobbs-wellness/index.html"
"122","https://www.cnn.com/2024/04/11/us/arizona-abortion-ban-enforcement/index.html"
"123","https://www.cnn.com/2024/04/11/us/alabama-death-row-inmate-execution-appeals/index.html"
"124","https://www.cnn.com/2024/04/11/politics/kari-lake-arizona-abortion-ban-support/index.html"
"125","https://www.cnn.com/2024/04/11/europe/poland-abortion-debate-tusk-intl/index.html"
"126","https://www.cnn.com/2024/04/11/health/substance-use-pregnancy-policy-change/index.html"
"127","https://www.cnn.com/2024/04/10/politics/trump-says-he-wouldnt-sign-federal-abortion-ban/index.html"
"128","https://www.cnn.com/2024/04/09/politics/trump-abortion-stances-timeline/index.html"
"129","https://www.cnn.com/2024/04/09/opinions/trumps-abortion-compromise-after-roe-has-merit-antle/index.html"
"130","https://www.cnn.com/2024/04/10/politics/arizona-abortion-politics/index.html"
"131","https://www.cnn.com/2024/04/09/politics/trump-abortion-arizona-analysis/index.html"
"132","https://www.cnn.com/2024/04/10/politics/abortion-donald-trump-vice-president/index.html"
"133","https://www.cnn.com/2024/04/09/politics/abortion-ban-arizona-what-matters/index.html"
"134","https://www.cnn.com/2024/04/08/us/arizona-supreme-court-abortion-access-tuesday/index.html"
"135","https://www.cnn.com/2024/04/09/health/wnba-opill-birth-control/index.html"
"136","https://www.cnn.com/2024/04/08/politics/donald-trump-abortion-2024/index.html"
"137","https://www.cnn.com/2024/04/07/us/brian-dorsey-missouri-execution-death-row/index.html"
"138","https://www.cnn.com/2024/04/08/politics/fact-check-trump-abortion-roe-overturned-legal-scholars/index.html"
"139","https://www.cnn.com/2024/04/08/world/gender-affirming-surgery-threatens-unique-dignity-of-a-person-vatican-says-intl/index.html"
"140","https://www.cnn.com/2024/04/06/us/tennessee-baby-olivia-video-bill/index.html"
"141","https://www.cnn.com/2024/04/06/politics/abortion-rights-ballot-initiatives-2024/index.html"
"142","https://www.cnn.com/2024/04/06/us/florida-abortion-ban-health-crisis/index.html"
"143","https://www.cnn.com/2024/04/05/opinions/florida-abortion-vote-biden-trump-cox/index.html"
"144","https://www.cnn.com/2024/04/04/opinions/birth-control-disinformation-republicans-campoamor/index.html"
"145","https://www.cnn.com/2024/04/04/health/florida-abortion-trends-6-week-limit/index.html"
"146","https://www.cnn.com/2024/04/04/politics/trump-abortion-policy-tease/index.html"
"147","https://www.cnn.com/2024/04/03/us/alabama-mobile-infirmary-hospital-end-ivf/index.html"
"148","https://www.cnn.com/2024/04/01/us/texas-abortion-lawsuit-lizelle-gonzalez/index.html"
"149","https://www.cnn.com/2024/04/02/politics/florida-abortion-referendum-biden-democrats/index.html"
"150","https://www.cnn.com/2024/04/01/politics/florida-six-week-abortion-ban/index.html"
"151","https://www.cnn.com/2024/04/02/us/5-things-to-know-for-april-2-israel-trump-abortion-finland-google/index.html"
"152","https://www.cnn.com/2024/03/29/politics/comstock-act-alito-thomas-abortion/index.html"
"153","https://www.cnn.com/2024/03/28/opinions/abortion-pill-scotus-reproductive-rights-brown/index.html"
"154","https://www.cnn.com/2024/03/27/politics/kansas-legislature-gender-affirming-care-ban/index.html"
"155","https://www.cnn.com/2024/03/27/politics/stephen-breyer-abortion-wolf-blitzer-interview/index.html"
"156","https://www.cnn.com/2024/03/27/us/5-things-to-know-for-march-27-bridge-collapse-abortion-pill-2024-race-newsroom-revolt-medicare/index.html"
"157","https://www.cnn.com/2024/03/27/politics/barrett-kavanaugh-abortion-mifepristone/index.html"
"158","https://www.cnn.com/2024/03/26/politics/abortion-2024-campaign-biden-trump-kennedy/index.html"
"159","https://www.cnn.com/2024/03/26/politics/alabama-special-election-democrat-reproductive-rights/index.html"
"160","https://www.cnn.com/2024/03/26/opinions/mifepristone-supreme-court-oral-argument-abortion-rights-ziegler/index.html"
"161","https://www.cnn.com/politics/live-news/supreme-court-mifepristone-abortion-03-26-24/index.html"
"162","https://www.cnn.com/2024/03/26/entertainment/anne-hathaway-miscarriage-stage-intl-scli/index.html"
"163","https://www.cnn.com/2024/03/25/politics/abortion-roe-wade-mifepristone-preview/index.html"
"164","https://www.cnn.com/2024/03/25/politics/doctors-mifepristone-abortion-supreme-court/index.html"
"165","https://www.cnn.com/2024/03/25/health/self-managed-medication-abortion-surge-post-dobbs/index.html"
"166","https://www.cnn.com/2024/03/20/politics/alabama-special-election-abortion-rights-ivf/index.html"
"167","https://www.cnn.com/2024/03/19/politics/trump-thinking-in-terms-of-15-week-federal-abortion-ban/index.html"
"168","https://www.cnn.com/2024/03/19/opinions/fetal-personhood-sex-ed-curricula-alabama-ziegler/index.html"
"169","https://www.cnn.com/2024/03/18/health/abortion-data-guttmacher/index.html"
"170","https://www.cnn.com/2024/03/15/us/james-jennifer-crumbley-verdict-parents/index.html"
"171","https://www.cnn.com/2024/03/13/politics/kamala-harris-planned-parenthood-minnesota/index.html"
"172","https://www.cnn.com/2024/03/14/entertainment/olivia-rodrigo-contraceptives-tour/index.html"
"173","https://www.cnn.com/2024/03/14/politics/mike-johnson-dismisses-ivf-legislation/index.html"
"174","https://www.cnn.com/2024/03/12/health/maternal-mortality-trends-study-questions/index.html"
"175","https://www.cnn.com/2024/03/06/us/alabama-ivf-fertility-protection/index.html"
"176","https://www.cnn.com/2023/12/18/opinions/kate-cox-texas-abortion-law-el-salvador-viterna/index.html"
"177","https://www.cnn.com/2024/03/07/health/abortion-elections-kff-survey/index.html"
"178","https://www.cnn.com/2024/03/06/politics/kate-cox-texas-abortion/index.html"
"179","https://www.cnn.com/2022/08/31/us/abortion-access-restrictions-bans-us/index.html"
"180","https://www.cnn.com/2024/03/05/opinions/france-abortion-constitution-america-hong/index.html"
"181","https://www.cnn.com/2024/03/04/politics/ivf-bans-other-states-alabama/index.html"
"182","https://www.cnn.com/2024/03/04/europe/france-abortion-constitution-intl/index.html"
"183","https://www.cnn.com/2024/03/03/health/cancer-patients-ivf/index.html"
"184","https://www.cnn.com/2024/03/03/us/alabama-ivf-ruling-rehearing-application/index.html"
"185","https://www.cnn.com/2024/03/01/health/uterus-transplant-ivf-alabama/index.html"
"186","https://www.cnn.com/2024/03/01/health/cvs-walgreens-to-dispense-abortion-pill-mifepristone/index.html"
"187","https://www.cnn.com/2024/03/01/economy/abortion-coverage-employer-supreme-court/index.html"
"188","https://www.cnn.com/2024/02/29/us/ivf-alabama-supreme-court-ruling-treatment-pause/index.html"
"189","https://www.cnn.com/2024/02/29/us/alabama-ivf-bill/index.html"
"190","https://www.cnn.com/2024/02/28/us/alabama-ivf-ruling-whats-next/index.html"
"191","https://www.cnn.com/2024/02/28/europe/france-senate-abortion-rights-constitution-intl/index.html"
"192","https://www.cnn.com/2024/02/27/us/ivf-ruling-impact-other-states/index.html"
"193","https://www.cnn.com/2024/02/27/business/employer-fertility-benefits-alabama-embryo-ruling/index.html"
"194","https://www.cnn.com/2024/02/26/politics/republicans-life-at-conception-act/index.html"
"195","https://www.cnn.com/2021/05/13/us/ohio-child-killed-death-penalty/index.html"
"196","https://www.cnn.com/2024/02/26/us/ruling-impact-alabama-ivf-embryos/index.html"
"197","https://www.cnn.com/2024/02/25/health/alabama-ivf-patients/index.html"
"198","https://www.cnn.com/2024/02/24/health/alabama-ivf-roe-v-wade/index.html"
"199","https://www.cnn.com/2024/02/24/us/alabama-ivf-embryos-court-ruling-saturday/index.html"
"200","https://www.cnn.com/2024/02/23/politics/trump-alabama-ivf-ruling/index.html"
"201","https://www.cnn.com/2024/02/23/us/alabama-ivf-embryos-supreme-court-ruling-legislation/index.html"
"202","https://www.cnn.com/2024/02/21/health/maternal-mental-health-mortality/index.html"
"203","https://www.cnn.com/2024/02/23/opinions/im-christian-underwent-ivf-in-alabama-mathews/index.html"
"204","https://www.cnn.com/2024/02/23/politics/republicans-alabama-embryo-ruling/index.html"
"205","https://www.cnn.com/2024/02/21/politics/haley-alabama-supreme-court-ruling/index.html"
"206","https://www.cnn.com/2024/02/22/politics/nikki-haley-alabama-ivf-ruling/index.html"
"207","https://www.cnn.com/2024/02/22/us/military-family-embryos-alabama-ruling/index.html"
"208","https://www.cnn.com/2024/02/22/us/alabama-embryos-ruling-ivf-treatment-leaving-state/index.html"
"209","https://www.cnn.com/2024/02/21/us/alabama-ruling-frozen-embryos-facility-pauses-ivf/index.html"
"210","https://www.cnn.com/2024/02/21/health/ivf-egg-freezing-explainer-wellness/index.html"
"211","https://www.cnn.com/2024/02/21/opinions/alabama-supreme-court-fetal-embryo-personhood-abortion-ziegler/index.html"
"212","https://www.cnn.com/2024/02/20/us/alabama-embryo-law-ruling-supreme-court/index.html"
"213","https://www.cnn.com/2024/02/20/opinions/death-penalty-execution-methods-alabama-louisiana-eig/index.html"
"214","https://www.cnn.com/2024/02/17/europe/ukraine-soldiers-children-sperm-parliament-intl/index.html"
"215","https://www.cnn.com/2024/02/17/politics/biden-democrats-attack-trump-abortion-report/index.html"
"216","https://www.cnn.com/2024/02/07/health/journal-retractions-mifepristone/index.html"
"217","https://www.cnn.com/2024/02/16/us/pregnant-woman-1992-death-identified-indiana/index.html"
"218","https://www.cnn.com/2024/02/15/health/medication-abortion-telehealth/index.html"
"219","https://www.cnn.com/2024/02/14/us/fertility-fraud-accidental-incest-invs/index.html"
"220","https://www.cnn.com/2024/02/10/health/idaho-abortion-laws/index.html"
"221","https://www.cnn.com/2024/02/06/us/babys-head-detached-during-delivery-ruled-homicide/index.html"
"222","https://www.cnn.com/2024/02/07/opinions/jennifer-crumbley-conviction-oxford-mass-shooting-tucker/index.html"
"223","https://www.cnn.com/2024/02/07/health/gun-deaths-injury-research-funding/index.html"
"224","https://www.cnn.com/2024/02/06/us/making-pregnancy-safer-for-black-women/index.html"
"225","https://www.cnn.com/2024/02/07/us/jennifer-crumbley-trial-verdict-importance-parents/index.html"
"226","https://www.cnn.com/2024/02/06/health/preterm-birth-phthalates-study-wellness/index.html"
"227","https://www.cnn.com/2024/02/03/us/moms-for-liberty-scandal-opposition/index.html"
"228","https://www.cnn.com/2024/02/02/us/jennifer-crumbley-michigan-school-shooter-trial/index.html"
"229","https://www.cnn.com/2024/02/02/health/preterm-birth-study-wellness/index.html"
"230","https://www.cnn.com/2024/02/01/opinions/abortion-rights-france-constitution-filipovic/index.html"
"231","https://www.cnn.com/2024/01/31/entertainment/elisabeth-moss-pregnancy/index.html"
"232","https://www.cnn.com/2023/08/22/politics/abortion-iowa-voters-gop-debate/index.html"
"233","https://www.cnn.com/2024/01/30/europe/france-abortion-rights-vote-intl/index.html"
"234","https://www.cnn.com/2024/01/30/opinions/pharmacist-birth-control-ranney/index.html"
"235","https://www.cnn.com/2024/01/25/us/james-jennifer-crumbley-school-shooting-trial/index.html"
"236","https://www.cnn.com/2024/01/24/health/rape-pregnancy-abortion/index.html"
"237","https://www.cnn.com/2024/01/23/politics/biden-harris-abortion-rights/index.html"
"238","https://www.cnn.com/2024/01/23/politics/doj-mifepristone-maker-supreme-court-abortion-pill/index.html"
"239","https://www.cnn.com/2024/01/22/opinions/abortion-threat-comstock-act-must-be-repealed-cohen-donley-rebouche/index.html"
"240","https://www.cnn.com/2024/01/21/politics/biden-campaign-abortion-rights-donald-trump/index.html"
"241","https://www.cnn.com/2024/01/19/politics/march-for-life-2024-abortion/index.html"
"242","https://www.cnn.com/2024/01/18/health/ivf-access-bill/index.html"
"243","https://www.cnn.com/2024/01/18/politics/biden-harris-reproductive-rights-2024/index.html"
"244","https://www.cnn.com/2024/01/17/politics/kfile-mark-robinson-abortion-ban-no-exceptions/index.html"
"245","https://www.cnn.com/2024/01/11/us/brittany-watts-miscarriage-no-criminal-charges/index.html"
"246","https://www.cnn.com/2024/01/05/politics/abortion-supreme-court-idaho/index.html"
"247","https://www.cnn.com/2024/01/05/politics/abortion-rights-group-petition-florida-ballot/index.html"
"248","https://www.cnn.com/2024/01/04/us/colorado-mother-double-murder-custody-battle/index.html"
"249","https://www.cnn.com/2024/01/02/health/medication-abortion-stockpile/index.html"
"250","https://www.cnn.com/2024/01/02/politics/texas-hhs-abortion/index.html"
"251","https://www.cnn.com/2023/12/31/us/colorado-mother-double-murder-arrest/index.html"
"252","https://www.cnn.com/2023/12/24/health/woman-two-uteruses-birth-twins/index.html"
"253","https://www.cnn.com/2023/12/21/opinions/blake-butler-molly-brodak-suicide-memoir-grisafi/index.html"
"254","https://www.cnn.com/2023/12/19/us/brittany-watts-miscarriage-criminal-charge/index.html"
"255","https://www.cnn.com/2023/12/19/opinions/supreme-court-abortion-january-6-hemmer/index.html"
"256","https://www.cnn.com/2023/12/19/politics/harris-2024-abortion/index.html"
"257","https://www.cnn.com/2023/12/17/politics/texas-abortion-case-republicans-2024/index.html"
"258","https://www.cnn.com/2023/12/16/opinions/maternal-mortality-pregnancy-midwife-births-phillips/index.html"
"259","https://www.cnn.com/2023/12/15/us/texas-abortion-ban-emergency-medical-exception/index.html"
"260","https://www.cnn.com/2023/12/14/us/boston-fertility-doctor-lawsuit/index.html"
"261","https://www.cnn.com/2023/12/14/politics/doj-official-police-reform-abortion-leaving/index.html"
"262","https://www.cnn.com/2023/12/14/politics/abortion-rights-what-matters/index.html"
"263","https://www.cnn.com/2023/12/14/australia/australia-folbigg-murder-convictions-quashed-intl-hnk/index.html"
"264","https://www.cnn.com/2023/12/13/us/access-abortion-arizona-new-mexico-wyoming/index.html"
"265","https://www.cnn.com/2023/12/13/politics/analysis-mifepristone-abortion-texas/index.html"
"266","https://www.cnn.com/2023/12/13/politics/supreme-court-to-decide-whether-to-restrict-abortion-drug-nationwide/index.html"
"267","https://www.cnn.com/2023/12/13/health/mifepristone-abortion-drug-explained/index.html"
"268","https://www.cnn.com/2023/12/08/us/kentucky-pregnant-woman-abortion-ban/index.html"
"269","https://www.cnn.com/2023/12/11/us/kate-cox-abortion-law-texas-case/index.html"
"270","https://www.cnn.com/2023/12/12/politics/biden-campaign-sharpens-its-attacks-on-trump-over-abortion-restrictions/index.html"
"271","https://www.cnn.com/2023/12/05/us/texas-woman-high-risk-pregnancy-abortion-lawsuit/index.html"
"272","https://www.cnn.com/2023/12/11/us/texas-woman-leaves-state-abortion/index.html"
"273","https://www.cnn.com/2023/12/07/us/texas-abortion-ruling/index.html"
"274","https://www.cnn.com/2023/12/12/politics/whitmer-michigan-abortion-insurance/index.html"
"275","https://www.cnn.com/2023/12/09/opinions/texas-abortion-laws-kate-cox-ziegler/index.html"
"276","https://www.cnn.com/2023/12/08/us/texas-abortion-ruling-attorney-general-petition/index.html"
"277","https://www.cnn.com/2023/12/09/us/women-of-color-birth-centers-reaj/index.html"
"278","https://www.cnn.com/us/ethan-crumbley-school-shooter-sentencing/index.html"
"279","https://www.cnn.com/2023/12/07/health/childbirth-health-problems-report/index.html"
"280","https://www.cnn.com/2023/12/07/health/abortion-travel-doubled-guttmacher-report/index.html"
"281","https://www.cnn.com/us/baby-wolf-hybrid-pet-alabama/index.html"
"282","https://www.cnn.com/2023/12/02/europe/us-overturn-of-roe-v-wade-prompts-france-to-embed-abortion-rights-in-constitution/index.html"
"283","https://www.cnn.com/2023/11/28/politics/chris-christie-abortion-ban-republicans/index.html"
"284","https://www.cnn.com/2023/11/27/politics/idaho-abortion-supreme-court-appeal/index.html"
"285","https://www.cnn.com/2023/11/22/health/two-uterus-twins-pregnancy/index.html"
"286","https://www.cnn.com/2023/11/21/health/abortion-bans-increase-births/index.html"
"287","https://www.cnn.com/2023/11/19/opinions/gun-violence-uvalde-child-survivors-campoamor/index.html"
"288","https://www.cnn.com/2023/11/17/politics/desantis-ramaswamy-miscarriage/index.html"
"289","https://www.cnn.com/2023/11/16/health/childhood-cancer-mortality-decline-cdc-report/index.html"
"290","https://www.cnn.com/2023/11/16/health/marijuana-infant-harm-wellness/index.html"
"291","https://www.cnn.com/2023/11/14/politics/justice-department-texas-judge-medication-abortion/index.html"
"292","https://www.cnn.com/2023/11/12/opinions/marjorie-taylor-greenes-faulty-explanation-galant/index.html"
"293","https://www.cnn.com/2023/11/11/opinions/sleep-social-media-influencers-parenting-alaimo-wellness/index.html"
"294","https://www.cnn.com/2023/11/09/politics/desantis-abortion-ohio-election/index.html"
"295","https://www.cnn.com/2023/11/09/politics/abortion-ohio-ballot-initiatives-2024-election/index.html"
"296","https://www.cnn.com/2023/11/08/opinions/gop-election-losses-abortion-ohio-virginia-kentucky-ziegler/index.html"
"297","https://www.cnn.com/2023/11/08/politics/special-election-ohio-abortion-rights-dg/index.html"
"298","https://www.cnn.com/2023/11/07/politics/takeaways-election-day/index.html"
"299","https://www.cnn.com/2023/11/07/politics/exit-polls-election-2023/index.html"
"300","https://www.cnn.com/2023/11/07/politics/ohio-issue-1-abortion-rights/index.html"
"301","https://www.cnn.com/2023/11/07/opinions/supreme-court-domestic-violence-guns-rahimi-bruen-filipovic/index.html"
"302","https://www.cnn.com/2023/11/07/politics/virginia-election-abortion-restrictions-south-dg/index.html"
"303","https://www.cnn.com/2023/11/06/politics/virginia-suburban-women-abortion-youngkin/index.html"
"304","https://www.cnn.com/2023/11/07/health/south-abortion-access/index.html"
"305","https://www.cnn.com/2023/11/06/health/abortion-restrictions-lead-to-foster-care/index.html"
"306","https://www.cnn.com/2023/11/06/politics/abortion-politics-2023-elections/index.html"
"307","https://www.cnn.com/2023/11/01/opinions/over-the-counter-birth-control-gop-filipovic/index.html"
"308","https://www.cnn.com/2023/11/01/health/us-infant-mortality-rate-rises-for-first-time-in-more-than-20-years/index.html"
"309","https://www.cnn.com/2023/10/31/politics/ohio-abortion-ballot-measure/index.html"
"310","https://www.cnn.com/2023/10/30/us/bryson-hudson-us-gun-deaths-gdpr/index.html"
"311","https://www.cnn.com/2023/10/30/health/opill-birth-control-insurance-coverage-letter/index.html"
"312","https://www.cnn.com/2023/10/27/health/fda-probiotics-preterm-infants-warning/index.html"
"313","https://www.cnn.com/2023/10/26/opinions/dobbs-abortion-tennessee-allie-phillips-candidate-campoamor/index.html"
"314","https://www.cnn.com/2023/10/26/politics/kentucky-governor-race-abortion-rights/index.html"
"315","https://www.cnn.com/2023/10/24/politics/fact-check-desantis-abortion-jail-women/index.html"
"316","https://www.cnn.com/2023/10/24/politics/georgia-supreme-court-six-week-abortion-ban/index.html"
"317","https://www.cnn.com/2023/10/24/health/abortion-access-inequality-one-year-post-dobbs-wecount/index.html"
"318","https://www.cnn.com/2023/10/23/health/reproductive-medicine-group-updates-its-definition-of-infertility-to-address-the-reality-of-all-seeking-care/index.html"
"319","https://www.cnn.com/2023/10/23/health/abortion-coverage-workplace-insurance-kff-health-news-partner/index.html"
"320","https://www.cnn.com/2023/10/23/us/treyshawn-eunes-us-gun-deaths-gdpr/index.html"
"321","https://www.cnn.com/2023/10/22/us/chicago-muslim-boy-stabbing-mother/index.html"
"322","https://www.cnn.com/2023/10/17/middleeast/pregnant-women-suffer-gaza-war-mime-intl/index.html"
"323","https://www.cnn.com/2023/10/16/health/labor-and-delivery-experience-wellness/index.html"
"324","https://www.cnn.com/2023/10/17/entertainment/justin-timberlake-britney-spears/index.html"
"325","https://www.cnn.com/2023/10/12/health/acep-rejects-excited-delirium-term/index.html"
"326","https://www.cnn.com/2023/10/12/middleeast/israel-hamas-beheading-claims-intl/index.html"
"327","https://www.cnn.com/2023/10/08/health/el-salvador-abortion-homicide-convictions-cec/index.html"
"328","https://www.cnn.com/2023/10/05/us/holyoke-massachusetts-pregnant-woman-shooting/index.html"
"329","https://www.cnn.com/2023/10/01/us/gun-deaths-project-why-gdpr/index.html"
"330","https://www.cnn.com/2023/10/03/opinions/comstock-act-abortion-first-amendment-ziegler/index.html"
"331","https://www.cnn.com/2023/10/02/health/fda-probiotic-warning/index.html"
"332","https://www.cnn.com/2023/10/02/us/gun-homicides-and-suicides-in-us-children-and-teens-are-at-a-record-high/index.html"
"333","https://www.cnn.com/2023/10/02/politics/abortion-activists-secretly-recording-clinics-planned-parenthood-supreme-court/index.html"
"334","https://www.cnn.com/2023/10/02/us/amethyst-silva-us-gun-deaths-gdpr/index.html"
"335","https://www.cnn.com/2023/09/30/us/north-carolina-abortion-ban-provisions-blocked/index.html"
"336","https://www.cnn.com/2023/09/28/politics/desantis-15-week-abortion-ban-gop-debate/index.html"
"337","https://www.cnn.com/2023/09/28/tech/yelp-sue-texas-crisis-pregnancy-centers/index.html"
"338","https://www.cnn.com/2023/09/27/opinions/two-parent-privilege-kearney-marriage-single-parenthood-filipovic/index.html"
"339","https://www.cnn.com/us/childfree-by-choice-women-birth-rate-decline-cec/index.html"
"340","https://www.cnn.com/2023/09/23/us/nebraska-abortion-pill-jessica-burgess/index.html"
"341","https://www.cnn.com/2023/09/23/health/postpartum-help-wellness/index.html"
"342","https://www.cnn.com/2023/09/22/us/california-lawsuit-mifepristone-reversal-claim/index.html"
"343","https://www.cnn.com/2023/09/22/us/murder-for-hire-ex-wife-alimony/index.html"
"344","https://www.cnn.com/2023/09/21/politics/trump-abortion-blowback/index.html"
"345","https://www.cnn.com/2023/09/19/health/artificial-womb-human-trial-fda/index.html"
"346","https://www.cnn.com/2023/09/18/politics/indiana-attorney-general-todd-rokita-disciplinary-charges/index.html"
"347","https://www.cnn.com/2023/09/17/politics/donald-trump-abortion-2024/index.html"
"348","https://www.cnn.com/2023/09/16/politics/virginia-elections-abortion-2024/index.html"
"349","https://www.cnn.com/2023/09/14/us/wisconsin-abortions-resume-planned-parenthood-1849-law/index.html"
"350","https://www.cnn.com/2023/09/09/us/new-jersey-mother-charged-newborn-death/index.html"
"351","https://www.cnn.com/2023/09/08/australia/australia-nsw-birth-trauma-inquiry-intl-hnk-dst/index.html"
"352","https://www.cnn.com/2023/09/08/politics/mifepristone-supreme-court-appeal/index.html"
"353","https://www.cnn.com/2023/03/15/health/mifepristone-what-is-it/index.html"
"354","https://www.cnn.com/2023/09/08/politics/new-ad-biden-campaign-abortion/index.html"
"355","https://www.cnn.com/2023/09/07/health/abortion-state-borders-guttmacher/index.html"
"356","https://www.cnn.com/2023/09/06/americas/mexico-supreme-court-abortion-decriminalized/index.html"
"357","https://www.cnn.com/2023/09/06/world/ulma-family-beatify-nazis-intl-scli/index.html"
"358","https://www.cnn.com/style/linda-evangelista-breast-cancer-wsj/index.html"
"359","https://www.cnn.com/2023/09/03/politics/nancy-mace-republicans-abortion/index.html"
"360","https://www.cnn.com/2023/09/03/health/suicide-survivor-support-wellness/index.html"
"361","https://www.cnn.com/2023/09/03/us/baby-born-maryland-parking-garage-trnd/index.html"
"362","https://www.cnn.com/2023/09/01/us/takiya-young-ohio-police-shooting/index.html"
"363","https://www.cnn.com/2023/09/01/politics/tudor-dixon-donald-trump/index.html"
"364","https://www.cnn.com/2023/08/31/politics/alabama-attorney-general-abortion-prosecute/index.html"
"365","https://www.cnn.com/2023/08/29/opinions/patricia-clarkson-women-no-kids-stewart/index.html"
"366","https://www.cnn.com/2023/08/26/politics/abortion-politics-republicans-2024/index.html"
"367","https://www.cnn.com/2023/08/25/politics/west-virginia-abortion-drug-ruling/index.html"
"368","https://www.cnn.com/2023/08/23/politics/south-carolina-supreme-court-six-week-abortion-ban/index.html"
"369","https://www.cnn.com/2023/08/22/health/maternity-care-mistreatment-cdc-report/index.html"
"370","https://www.cnn.com/2023/08/21/uk/lucy-letby-nurse-sentence-intl-gbr/index.html"
"371","https://www.cnn.com/2023/08/18/uk/lucy-letby-nurse-guilty-gbr-intl/index.html"
"372","https://www.cnn.com/2023/08/16/politics/abortion-pill-mifepristone-5th-circuit/index.html"
"373","https://www.cnn.com/2023/08/15/us/new-jersey-catholic-school-premarital-sex-firing/index.html"
"374","https://www.cnn.com/2023/08/16/us/florida-children-fatal-shooting/index.html"
"375","https://www.cnn.com/2023/08/15/tech/meta-period-reproductive-health/index.html"
"376","https://www.cnn.com/2023/08/13/politics/rfk-jr-abortion-ban-iowa/index.html"
"377","https://www.cnn.com/2023/08/13/politics/democrats-abortion-rights-election-wins/index.html"
"378","https://www.cnn.com/2023/08/09/us/georgia-baby-death-lawsuit/index.html"
"379","https://www.cnn.com/2023/08/10/politics/julie-chavez-rodriguez-cnntv/index.html"
"380","https://www.cnn.com/style/rihanna-savage-x-fenty-maternity-line/index.html"
"381","https://www.cnn.com/2023/08/09/opinions/republican-strategy-abortion-post-ohio-brown/index.html"
"382","https://www.cnn.com/2023/08/09/opinions/abortion-rights-ohio-democrats-elections-ziegler/index.html"
"383","https://www.cnn.com/2023/08/09/opinions/child-care-funding-warren-smith/index.html"
"384","https://www.cnn.com/2023/08/08/us/chicago-girl-shot-dead-gun-violence/index.html"
"385","https://www.cnn.com/2023/08/09/politics/takeaways-ohio-special-election/index.html"
"386","https://www.cnn.com/2023/08/08/politics/ohio-special-election/index.html"
"387","https://www.cnn.com/2023/08/08/us/newport-news-student-shot-teacher-warrant/index.html"
"388","https://www.cnn.com/2023/08/08/politics/cnn-poll-abortion-electoral-litmus-test-supreme-court/index.html"
"389","https://www.cnn.com/2023/08/08/politics/ohio-ballot-initiative-abortion-2024-fault-lines/index.html"
"390","https://www.cnn.com/2023/08/08/politics/ohio-special-election-abortion-rights/index.html"
"391","https://www.cnn.com/2023/08/06/politics/republican-candidates-abortion-rights-2024/index.html"
"392","https://www.cnn.com/2023/08/05/us/texas-abortion-ban-suspended-pregnant-mother-risk/index.html"
"393","https://www.cnn.com/2023/08/03/us/pittsburgh-synagogue-shooting-sentencing-victim-statements/index.html"
"394","https://www.cnn.com/2023/07/13/opinions/gun-violence-synagogue-shooting-tree-of-life-trial-myers/index.html"
"395","https://www.cnn.com/2023/08/02/us/johnny-johnson-execution-casey-williamson/index.html"
"396","https://www.cnn.com/2023/06/26/us/pittsburgh-synagogue-death-penalty-trial-families/index.html"
"397","https://www.cnn.com/2023/08/01/opinions/women-alcohol-related-deaths-filipovic/index.html"
"398","https://www.cnn.com/2023/08/01/health/maternity-care-deserts-march-of-dimes/index.html"
"399","https://www.cnn.com/2023/08/01/politics/desantis-susan-b-anthony-abortion-stance-2024-republicans/index.html"
"400","https://www.cnn.com/2023/07/31/us/pittsburgh-synagogue-shooting-trial-closings/index.html"
"401","https://www.cnn.com/2023/07/29/health/maternal-mental-health-crisis-metrics-dg/index.html"
"402","https://www.cnn.com/2023/07/28/asia/japan-onomichi-pregnant-women-apology-intl-hnk/index.html"
"403","https://www.cnn.com/2023/07/26/us/missouri-gender-affirming-care-ban-lawsuit/index.html"
"404","https://www.cnn.com/2023/07/25/politics/ohio-abortion-rights-amendment/index.html"
"405","https://www.cnn.com/2023/07/24/politics/california-planned-parenthood-firebombing/index.html"
"406","https://www.cnn.com/2023/07/23/us/doctors-reactions-roe-v-wade-reversal/index.html"
"407","https://www.cnn.com/politics/live-news/scotus-abortion-rights-reactions/index.html"
"408","https://www.cnn.com/politics/live-news/roe-wade-abortion-supreme-court-ruling/index.html"
"409","https://www.cnn.com/2023/07/20/us/pittsburgh-synagogue-shooting-defense-mental-illness/index.html"
"410","https://www.cnn.com/2023/07/20/us/alabama-james-barber-execution/index.html"
"411","https://www.cnn.com/2023/07/20/us/texas-abortion-ban-doctor-testimony/index.html"
"412","https://www.cnn.com/2023/07/20/us/nebraska-teen-abortion-celeste-burgess/index.html"
"413","https://www.cnn.com/2023/07/20/us/wisconsin-couple-child-neglect-case/index.html"
"414","https://www.cnn.com/2023/07/20/health/texas-abortion-ban-infant-mortality-invs/index.html"
"415","https://www.cnn.com/2023/07/17/opinions/over-the-counter-birth-control-opill-ranney-rainford/index.html"
"416","https://www.cnn.com/2023/07/18/us/alabama-death-row-execution-appeal/index.html"
"417","https://www.cnn.com/2023/07/18/politics/louisiana-veto-override-youth-gender-affirming-care-ban/index.html"
"418","https://www.cnn.com/2023/07/18/uk/woman-jailed-abortion-pill-wins-appeal-intl-gbr/index.html"
"419","https://www.cnn.com/2023/07/18/politics/tommy-tuberville-military-abortion/index.html"
"420","https://www.cnn.com/2023/07/17/politics/iowa-temporary-block-abortion-ban/index.html"
"421","https://www.cnn.com/2023/07/14/politics/iowa-abortion-ban-reynolds-sign/index.html"
"422","https://www.cnn.com/2023/07/14/opinions/motherhood-maternal-mental-health-programs-danielson/index.html"
"423","https://www.cnn.com/2023/07/14/us/florida-baby-fentanyl-bottle/index.html"
"424","https://www.cnn.com/2023/07/12/us/cedars-sinai-california-civil-rights-investigation-black-women-birth/index.html"
"425","https://www.cnn.com/2023/07/13/politics/shield-laws-abortion-gender-affirming-care/index.html"
"426","https://www.cnn.com/2023/07/12/politics/mike-pence-abortion-stance-nonviable-pregnancies/index.html"
"427","https://www.cnn.com/2023/07/12/politics/iowa-six-week-abortion-ban/index.html"
"428","https://www.cnn.com/2023/07/12/politics/tommy-tuberville-abortion-military-fact-check/index.html"
"429","https://www.cnn.com/2023/07/12/us/pittsburgh-synagogue-shooter-trial-deliberations/index.html"
"430","https://www.cnn.com/2023/07/12/opinions/tennessee-trans-law-sixth-circuit-abortion-ziegler/index.html"
"431","https://www.cnn.com/2023/07/12/health/idaho-abortion-travel-ban-lawsuit-kff-health-news/index.html"
"432","https://www.cnn.com/2023/07/11/politics/iowa-house-abortion-ban-special-session/index.html"
"433","https://www.cnn.com/2023/07/11/politics/iowa-abortion-special-session-2024/index.html"
"434","https://www.cnn.com/2023/07/09/health/abortion-cross-state-lines-louisiana-oregon/index.html"
"435","https://www.cnn.com/2023/07/07/health/kentucky-abortion-anencephaly/index.html"
"436","https://www.cnn.com/2023/07/06/sport/amy-olson-pregnant-us-womens-open-spt-spc-intl/index.html"
"437","https://www.cnn.com/2023/07/06/health/texas-abortion-law-births/index.html"
"438","https://www.cnn.com/2023/07/06/opinions/biden-supreme-court-student-loans-abortion-mark/index.html"
"439","https://www.cnn.com/2023/07/05/politics/ohio-abortion-rights-constitutional-amendment/index.html"
"440","https://www.cnn.com/2023/07/05/us/gerson-fuentes-ohio-rape-case-guilty-plea/index.html"
"441","https://www.cnn.com/2023/07/05/politics/iowa-abortion-special-session/index.html"
"442","https://www.cnn.com/2023/07/03/health/parents-birth-control-talks-wellness/index.html"
"443","https://www.cnn.com/2023/06/25/us/black-maternal-death-rates-doulas/index.html"
"444","https://www.cnn.com/2023/07/01/politics/new-laws-july-1-abortion-gender-affirming-care/index.html"
"445","https://www.cnn.com/2023/06/30/politics/louisiana-gender-affirming-care-ban-veto-edwards/index.html"
"446","https://www.cnn.com/2023/06/30/politics/north-carolina-abortion-law/index.html"
"447","https://www.cnn.com/2023/06/30/politics/amy-coney-barrett-student-loans-babysitter/index.html"
"448","https://www.cnn.com/2023/06/30/opinions/pregnant-workers-get-a-major-win-shabo/index.html"
"449","https://www.cnn.com/2023/06/29/politics/abortion-law-changes-north-carolina-cooper/index.html"
"450","https://www.cnn.com/2022/09/16/entertainment/chrissy-teigen-abortion/index.html"
"451","https://www.cnn.com/2023/06/27/politics/north-carolina-abortion-law-changes-lawsuit/index.html"
"452","https://www.cnn.com/2023/06/26/us/susan-lorincz-murder-charges-florida/index.html"
"453","https://www.cnn.com/2023/06/27/health/free-contraception-fewer-unplanned-pregnancies/index.html"
"454","https://www.cnn.com/2023/06/27/politics/pregnant-workers-nursing-moms-jobs/index.html"
"455","https://www.cnn.com/2023/06/26/health/children-accidental-shootings/index.html"
"456","https://www.cnn.com/2023/06/25/politics/klobuchar-cnntv/index.html"
"457","https://www.cnn.com/2023/06/24/politics/kamala-harris-abortion-rights/index.html"
"458","https://www.cnn.com/2023/06/23/politics/new-york-kathy-hochul-abortion-pills/index.html"
"459","https://www.cnn.com/2023/06/23/politics/abortion-legal-after-roe-struck-down-dg/index.html"
"460","https://www.cnn.com/2023/06/23/europe/italian-lesbian-births-scli-intl/index.html"
"461","https://www.cnn.com/2023/06/23/health/abortion-is-ancient-history-and-that-matters-today-scn/index.html"
"462","https://www.cnn.com/2023/06/23/uk/abortion-decriminalization-reproductive-justice-protests-intl-gbr/index.html"
"463","https://www.cnn.com/2023/06/22/politics/wyoming-medication-abortion-law-blocked/index.html"
"464","https://www.cnn.com/2023/06/22/us/norwalk-ohio-two-year-old-shot-pregnant-mother-dead/index.html"
"465","https://www.cnn.com/2023/06/22/health/abortion-dobbs-one-year-later-families/index.html"
"466","https://www.cnn.com/2023/06/22/politics/trump-abortion-politics-2024/index.html"
"467","https://www.cnn.com/2023/06/22/health/maternal-deaths-hospital-complications/index.html"
"468","https://www.cnn.com/2023/06/22/opinions/dobbs-anniversary-abortion-bans-impact-dickman/index.html"
"469","https://www.cnn.com/2023/06/22/asia/south-korea-mother-accused-newborn-death-freezer-intl-hnk/index.html"
"470","https://www.cnn.com/2023/06/21/politics/virginia-legislative-primaries-glenn-youngkin/index.html"
"471","https://www.cnn.com/2023/06/21/health/dobbs-effect-obgyns-clinics/index.html"
"472","https://www.cnn.com/2023/06/17/health/maternal-health-crisis-medicaid-postpartum-coverage/index.html"
"473","https://www.cnn.com/2023/06/21/politics/new-york-state-abortion-pills/index.html"
"474","https://www.cnn.com/2023/06/20/politics/julie-rikelman-senate-confirmation-federal-judge/index.html"
"475","https://www.cnn.com/2023/06/20/politics/senate-votes-abortion/index.html"
"476","https://www.cnn.com/2023/06/20/us/nashville-covenant-school-shooting-writings/index.html"
"477","https://www.cnn.com/2023/06/20/us/kouri-richins-utah-mom-husband-killing-estate/index.html"
"478","https://www.cnn.com/2022/11/16/health/abortion-texas-sepsis/index.html"
"479","https://www.cnn.com/2023/06/19/opinions/gun-control-mass-shooting-gun-violence-grandparents-byrn/index.html"
"480","https://www.cnn.com/2023/06/17/australia/australia-kathleen-folbigg-pardon-intl-hnk-dst/index.html"
"481","https://www.cnn.com/2023/06/16/us/florida-executes-inmate/index.html"
"482","https://www.cnn.com/2023/06/16/politics/iowa-supreme-court-abortion-ban/index.html"
"483","https://www.cnn.com/2023/06/16/health/fathers-infant-health-breastfeeding-wellness/index.html"
"484","https://www.cnn.com/2023/06/16/entertainment/the-blackening-review/index.html"
"485","https://www.cnn.com/2023/06/15/tech/google-anti-abortion-ads-ccdh/index.html"
"486","https://www.cnn.com/2023/06/15/health/youth-suicide-homicide/index.html"
"487","https://www.cnn.com/2023/06/14/politics/planned-parenthood-firebomb-california-arrest/index.html"
"488","https://www.cnn.com/2023/06/12/uk/woman-jailed-abortion-pill-intl-gbr/index.html"
"489","https://www.cnn.com/2023/06/12/us/ajike-owens-shooting-death-911-calls-florida/index.html"
"490","https://www.cnn.com/2023/06/12/europe/british-girl-shot-dead-france-intl/index.html"
"491","https://www.cnn.com/2023/06/09/us/ajike-owens-shooting-death-neighbor-florida-friday/index.html"
"492","https://www.cnn.com/2023/06/08/travel/paris-rental-bikes-deliver-unexpected-anti-abortion-messages/index.html"
"493","https://www.cnn.com/2023/06/07/us/ajike-aj-owens-florida-neighbor-shooting-wednesday/index.html"
"494","https://www.cnn.com/2023/06/06/politics/louisiana-legislature-gender-affirming-care-ban-minors/index.html"
"495","https://www.cnn.com/2023/06/06/world/cat-contraceptives-scn/index.html"
"496","https://www.cnn.com/2023/06/05/us/florida-woman-aj-owens-fatally-shot-neighbor-feud/index.html"
"497","https://www.cnn.com/2023/06/04/australia/australia-kathleen-folbigg-attorney-general-hnk-intl/index.html"
"498","https://www.cnn.com/2023/06/04/health/sushi-tuesdays-suicide-aftermath-wellness/index.html"
"499","https://www.cnn.com/2023/06/01/us/fertility-doctor-morris-wortman-plane-crash/index.html"
